{"cameraMode":{"drawMode":0,"name":"Shaded","section":"Shading Mode"},"sceneLighting":true,"audioPlay":false,"sceneViewState":{"showFog":true,"showMaterialUpdate":false,"showSkybox":false,"showFlares":true,"showImageEffects":true,"showParticleSystems":true},"in2DMode":false,"pivot":{"x":-6.390988349914551,"y":4.899999618530273,"z":34.892005920410159},"rotation":{"x":0.1282249540090561,"y":-0.8716683983802795,"z":0.341914564371109,"w":0.3268969655036926},"size":7.461186408996582,"orthographic":false}