{"cameraMode":{"drawMode":0,"name":"Shaded","section":"Shading Mode"},"sceneLighting":true,"audioPlay":false,"sceneViewState":{"showFog":true,"showMaterialUpdate":false,"showSkybox":false,"showFlares":true,"showImageEffects":true,"showParticleSystems":true},"in2DMode":false,"pivot":{"x":4.644477844238281,"y":8.535457611083985,"z":102.5},"rotation":{"x":0.2972962558269501,"y":-0.6534974575042725,"z":0.6221280694007874,"w":0.3122933804988861},"size":119.30889892578125,"orthographic":false}